Date,Time,Event,Details
"Date","Time","Event","Details"
"2025-04-30","20:40:35","[FILE UPDATE]","Re-reading SequencingMetrics.csv"
"2025-04-30","20:40:35","[CACHE ACCESS]","Accessed SequencingMetrics from global cache"
"2025-04-30","20:41:11","[CACHE ACCESS]","Accessed SequencingMetrics from global cache"
"2025-04-30","20:42:23","[FILE UPDATE]","Re-reading SequencingMetrics.csv"
"2025-04-30","20:42:23","[CACHE ACCESS]","Accessed SequencingMetrics from global cache"
"2025-04-30","20:42:26","[FILE UPDATE]","Re-reading SequencingMetrics.csv"
"2025-04-30","20:42:26","[CACHE ACCESS]","Accessed SequencingMetrics from global cache"
"2025-04-30","20:44:59","[CACHE ACCESS]","Accessed SequencingMetrics from global cache"
"2025-04-30","20:45:33","[CACHE ACCESS]","Accessed SequencingMetrics from global cache"
"2025-04-30","20:49:55","[CACHE ACCESS]","Accessed SequencingMetrics from global cache"
"2025-04-30","20:52:25","[FILE UPDATE]","Re-reading SequencingMetrics.csv"
"2025-04-30","20:52:25","[CACHE ACCESS]","Accessed SequencingMetrics from global cache"
"2025-04-30","20:56:43","[CACHE ACCESS]","Accessed SequencingMetrics from global cache"
"2025-05-01","08:41:42","[FILE UPDATE]","Re-reading SequencingMetrics.csv"
"2025-05-01","08:41:42","[CACHE ACCESS]","Accessed SequencingMetrics from global cache"
"2025-05-01","08:47:43","[CACHE ACCESS]","Accessed SequencingMetrics from global cache"
"2025-05-01","08:51:07","[FILE UPDATE]","Re-reading SequencingMetrics.csv"
"2025-05-01","08:51:08","[CACHE ACCESS]","Accessed SequencingMetrics from global cache"
"2025-05-01","09:01:09","[FILE UPDATE]","Re-reading SequencingMetrics.csv"
"2025-05-01","09:01:09","[CACHE ACCESS]","Accessed SequencingMetrics from global cache"
"2025-05-01","09:11:36","[FILE UPDATE]","Re-reading SequencingMetrics.csv"
"2025-05-01","09:11:36","[CACHE ACCESS]","Accessed SequencingMetrics from global cache"
"2025-05-01","09:11:38","[FILE UPDATE]","Re-reading SequencingMetrics.csv"
"2025-05-01","09:11:38","[CACHE ACCESS]","Accessed SequencingMetrics from global cache"
"2025-05-01","09:21:56","[FILE UPDATE]","Re-reading SequencingMetrics.csv"
"2025-05-01","09:21:56","[CACHE ACCESS]","Accessed SequencingMetrics from global cache"
"2025-05-01","09:31:57","[FILE UPDATE]","Re-reading SequencingMetrics.csv"
"2025-05-01","09:31:57","[CACHE ACCESS]","Accessed SequencingMetrics from global cache"
"2025-05-01","09:31:59","[FILE UPDATE]","Re-reading SequencingMetrics.csv"
"2025-05-01","09:31:59","[CACHE ACCESS]","Accessed SequencingMetrics from global cache"
"2025-05-01","09:42:07","[FILE UPDATE]","Re-reading SequencingMetrics.csv"
"2025-05-01","09:42:07","[CACHE ACCESS]","Accessed SequencingMetrics from global cache"
"2025-05-01","09:52:06","[FILE UPDATE]","Re-reading SequencingMetrics.csv"
"2025-05-01","09:52:06","[CACHE ACCESS]","Accessed SequencingMetrics from global cache"
"2025-05-01","09:52:08","[FILE UPDATE]","Re-reading SequencingMetrics.csv"
"2025-05-01","09:52:08","[CACHE ACCESS]","Accessed SequencingMetrics from global cache"
"2025-05-01","10:02:07","[FILE UPDATE]","Re-reading SequencingMetrics.csv"
"2025-05-01","10:02:07","[CACHE ACCESS]","Accessed SequencingMetrics from global cache"
"2025-05-01","10:12:07","[FILE UPDATE]","Re-reading SequencingMetrics.csv"
"2025-05-01","10:12:07","[CACHE ACCESS]","Accessed SequencingMetrics from global cache"
"2025-05-01","10:12:09","[FILE UPDATE]","Re-reading SequencingMetrics.csv"
"2025-05-01","10:12:09","[CACHE ACCESS]","Accessed SequencingMetrics from global cache"
"2025-05-01","10:22:08","[FILE UPDATE]","Re-reading SequencingMetrics.csv"
"2025-05-01","10:22:08","[CACHE ACCESS]","Accessed SequencingMetrics from global cache"
"2025-05-01","10:22:10","[FILE UPDATE]","Re-reading SequencingMetrics.csv"
"2025-05-01","10:22:10","[CACHE ACCESS]","Accessed SequencingMetrics from global cache"
"2025-05-01","10:32:25","[FILE UPDATE]","Re-reading SequencingMetrics.csv"
"2025-05-01","10:32:25","[CACHE ACCESS]","Accessed SequencingMetrics from global cache"
"2025-05-01","10:32:27","[FILE UPDATE]","Re-reading SequencingMetrics.csv"
"2025-05-01","10:32:27","[CACHE ACCESS]","Accessed SequencingMetrics from global cache"
"2025-05-01","10:42:38","[FILE UPDATE]","Re-reading SequencingMetrics.csv"
"2025-05-01","10:42:38","[CACHE ACCESS]","Accessed SequencingMetrics from global cache"
"2025-05-01","10:42:40","[FILE UPDATE]","Re-reading SequencingMetrics.csv"
"2025-05-01","10:42:40","[CACHE ACCESS]","Accessed SequencingMetrics from global cache"
"2025-05-01","10:52:58","[FILE UPDATE]","Re-reading SequencingMetrics.csv"
"2025-05-01","10:52:58","[CACHE ACCESS]","Accessed SequencingMetrics from global cache"
"2025-05-01","10:53:00","[FILE UPDATE]","Re-reading SequencingMetrics.csv"
"2025-05-01","10:53:00","[CACHE ACCESS]","Accessed SequencingMetrics from global cache"
"2025-05-01","11:02:58","[FILE UPDATE]","Re-reading SequencingMetrics.csv"
"2025-05-01","11:02:58","[CACHE ACCESS]","Accessed SequencingMetrics from global cache"
"2025-05-01","11:03:00","[FILE UPDATE]","Re-reading SequencingMetrics.csv"
"2025-05-01","11:03:00","[CACHE ACCESS]","Accessed SequencingMetrics from global cache"
"2025-05-01","11:13:09","[FILE UPDATE]","Re-reading SequencingMetrics.csv"
"2025-05-01","11:13:09","[CACHE ACCESS]","Accessed SequencingMetrics from global cache"
"2025-05-01","11:23:07","[FILE UPDATE]","Re-reading SequencingMetrics.csv"
"2025-05-01","11:23:07","[CACHE ACCESS]","Accessed SequencingMetrics from global cache"
"2025-05-01","11:23:09","[FILE UPDATE]","Re-reading SequencingMetrics.csv"
"2025-05-01","11:23:09","[CACHE ACCESS]","Accessed SequencingMetrics from global cache"
"2025-05-01","11:33:07","[FILE UPDATE]","Re-reading SequencingMetrics.csv"
"2025-05-01","11:33:07","[CACHE ACCESS]","Accessed SequencingMetrics from global cache"
"2025-05-01","11:33:09","[FILE UPDATE]","Re-reading SequencingMetrics.csv"
"2025-05-01","11:33:09","[CACHE ACCESS]","Accessed SequencingMetrics from global cache"
"2025-05-01","11:43:08","[FILE UPDATE]","Re-reading SequencingMetrics.csv"
"2025-05-01","11:43:08","[CACHE ACCESS]","Accessed SequencingMetrics from global cache"
"2025-05-01","11:53:09","[FILE UPDATE]","Re-reading SequencingMetrics.csv"
"2025-05-01","11:53:09","[CACHE ACCESS]","Accessed SequencingMetrics from global cache"
"2025-05-01","11:53:11","[FILE UPDATE]","Re-reading SequencingMetrics.csv"
"2025-05-01","11:53:11","[CACHE ACCESS]","Accessed SequencingMetrics from global cache"
"2025-05-01","12:03:27","[FILE UPDATE]","Re-reading SequencingMetrics.csv"
"2025-05-01","12:03:27","[CACHE ACCESS]","Accessed SequencingMetrics from global cache"
"2025-05-01","12:03:29","[FILE UPDATE]","Re-reading SequencingMetrics.csv"
"2025-05-01","12:03:29","[CACHE ACCESS]","Accessed SequencingMetrics from global cache"
"2025-05-01","12:08:47","[FILE UPDATE]","Re-reading SequencingMetrics.csv"
"2025-05-01","12:08:47","[CACHE ACCESS]","Accessed SequencingMetrics from global cache"
"2025-05-01","12:14:04","[FILE UPDATE]","Re-reading SequencingMetrics.csv"
"2025-05-01","12:14:04","[CACHE ACCESS]","Accessed SequencingMetrics from global cache"
"2025-05-01","12:16:20","[CACHE ACCESS]","Accessed SequencingMetrics from global cache"
"2025-05-01","12:16:52","[CACHE ACCESS]","Accessed SequencingMetrics from global cache"
"2025-05-01","12:20:56","[FILE UPDATE]","Re-reading SequencingMetrics.csv"
"2025-05-01","12:20:56","[CACHE ACCESS]","Accessed SequencingMetrics from global cache"
"2025-05-01","12:24:38","[CACHE ACCESS]","Accessed SequencingMetrics from global cache"
"2025-05-01","12:26:14","[FILE UPDATE]","Re-reading SequencingMetrics.csv"
"2025-05-01","12:26:14","[CACHE ACCESS]","Accessed SequencingMetrics from global cache"
"2025-05-01","12:34:35","[FILE UPDATE]","Re-reading SequencingMetrics.csv"
"2025-05-01","12:34:35","[CACHE ACCESS]","Accessed SequencingMetrics from global cache"
"2025-05-01","12:39:35","[CACHE ACCESS]","Accessed SequencingMetrics from global cache"
"2025-05-01","12:55:18","[FILE UPDATE]","Re-reading SequencingMetrics.csv"
"2025-05-01","12:55:18","[CACHE ACCESS]","Accessed SequencingMetrics from global cache"
"2025-05-02","09:24:25","[FILE UPDATE]","Re-reading SequencingMetrics.csv"
"2025-05-02","09:24:25","[CACHE ACCESS]","Accessed SequencingMetrics from global cache"
"2025-05-02","09:29:26","[FILE UPDATE]","Re-reading SequencingMetrics.csv"
"2025-05-02","09:29:26","[CACHE ACCESS]","Accessed SequencingMetrics from global cache"
"2025-05-02","09:34:44","[FILE UPDATE]","Re-reading SequencingMetrics.csv"
"2025-05-02","09:34:44","[CACHE ACCESS]","Accessed SequencingMetrics from global cache"
"2025-05-02","09:37:38","[CACHE ACCESS]","Accessed SequencingMetrics from global cache"
"2025-05-02","09:40:10","[CACHE ACCESS]","Accessed SequencingMetrics from global cache"
"2025-05-06","16:02:15","[FILE UPDATE]","Re-reading SequencingMetrics.csv"
"2025-05-06","16:02:15","[CACHE ACCESS]","Accessed SequencingMetrics from global cache"
"2025-05-06","16:06:42","[CACHE ACCESS]","Accessed SequencingMetrics from global cache"
"2025-05-06","16:12:12","[CACHE ACCESS]","Accessed SequencingMetrics from global cache"
"2025-05-06","16:21:55","[CACHE ACCESS]","Accessed SequencingMetrics from global cache"
"2025-05-07","08:40:17","[FILE UPDATE]","Re-reading SequencingMetrics.csv"
"2025-05-07","08:40:17","[CACHE ACCESS]","Accessed SequencingMetrics from global cache"
"2025-05-07","09:04:08","[CACHE ACCESS]","Accessed SequencingMetrics from global cache"
"2025-05-07","09:51:40","[CACHE ACCESS]","Accessed SequencingMetrics from global cache"
"2025-05-07","09:52:25","[CACHE ACCESS]","Accessed SequencingMetrics from global cache"
"2025-05-07","09:53:05","[CACHE ACCESS]","Accessed SequencingMetrics from global cache"
"2025-05-07","09:53:12","[CACHE ACCESS]","Accessed SequencingMetrics from global cache"
"2025-05-07","09:53:16","[CACHE ACCESS]","Accessed SequencingMetrics from global cache"
"2025-05-07","11:56:34","[FILE UPDATE]","Re-reading SequencingMetrics.csv"
"2025-05-07","11:56:34","[CACHE ACCESS]","Accessed SequencingMetrics from global cache"
"2025-05-07","12:05:01","[CACHE ACCESS]","Accessed SequencingMetrics from global cache"
"2025-05-07","12:14:41","[CACHE ACCESS]","Accessed SequencingMetrics from global cache"
"2025-05-07","13:53:16","[FILE UPDATE]","Re-reading SequencingMetrics.csv"
"2025-05-07","13:53:16","[CACHE ACCESS]","Accessed SequencingMetrics from global cache"
"2025-05-07","13:56:41","[CACHE ACCESS]","Accessed SequencingMetrics from global cache"
"2025-06-12","14:59:14","[REFRESH_START]","Triggered manual refresh of SequencingMetrics.csv"
"2025-06-12","14:59:14","[CSV_READ_START]","Reading file: /srv/shiny-server/.InputDatabase/SequencingMetrics.csv"
"2025-06-12","14:59:14","[CSV_READ_OK]","Successfully loaded 3798 rows from SequencingMetrics.csv"
"2025-06-12","15:02:52","[REFRESH_START]","Triggered manual refresh of SequencingMetrics.csv"
"2025-06-12","15:02:52","[CSV_READ_START]","Reading file: /srv/shiny-server/.InputDatabase/SequencingMetrics.csv"
"2025-06-12","15:02:52","[CSV_READ_OK]","Successfully loaded 3798 rows from SequencingMetrics.csv"
"2025-06-12","15:03:38","[REFRESH_START]","Triggered manual refresh of SequencingMetrics.csv"
"2025-06-12","15:03:38","[CSV_READ_START]","Reading file: /srv/shiny-server/.InputDatabase/SequencingMetrics.csv"
"2025-06-12","15:03:38","[CSV_READ_OK]","Successfully loaded 3798 rows from SequencingMetrics.csv"
"2025-06-12","15:09:33","[REFRESH_START]","Triggered manual refresh of SequencingMetrics.csv"
"2025-06-12","15:09:33","[CSV_READ_START]","Reading file: /srv/shiny-server/.InputDatabase/SequencingMetrics.csv"
"2025-06-12","15:09:33","[CSV_READ_OK]","Successfully loaded 3798 rows from SequencingMetrics.csv"
"2025-06-12","15:24:31","[REFRESH_START]","Triggered manual refresh of SequencingMetrics.csv"
"2025-06-12","15:24:31","[CSV_READ_START]","Reading file: /srv/shiny-server/.InputDatabase/SequencingMetrics.csv"
"2025-06-12","15:24:31","[CSV_READ_OK]","Successfully loaded 3798 rows from SequencingMetrics.csv"
"2025-06-13","08:31:42","[REFRESH_START]","Triggered manual refresh of SequencingMetrics.csv"
"2025-06-13","08:31:42","[CSV_READ_START]","Reading file: /srv/shiny-server/.InputDatabase/SequencingMetrics.csv"
"2025-06-13","08:31:42","[CSV_READ_OK]","Successfully loaded 3799 rows from SequencingMetrics.csv"
"2025-06-13","08:34:44","[REFRESH_START]","Triggered manual refresh of SequencingMetrics.csv"
"2025-06-13","08:34:44","[CSV_READ_START]","Reading file: /srv/shiny-server/.InputDatabase/SequencingMetrics.csv"
"2025-06-13","08:34:44","[CSV_READ_OK]","Successfully loaded 3799 rows from SequencingMetrics.csv"
"2025-06-13","13:27:08","[REFRESH_START]","Triggered manual refresh of SequencingMetrics.csv"
"2025-06-13","13:27:08","[CSV_READ_START]","Reading file: /srv/shiny-server/.InputDatabase/SequencingMetrics.csv"
"2025-06-13","13:27:08","[CSV_READ_OK]","Successfully loaded 3801 rows from SequencingMetrics.csv"
"2025-06-13","13:37:51","[REFRESH_START]","Triggered manual refresh of SequencingMetrics.csv"
"2025-06-13","13:37:51","[CSV_READ_START]","Reading file: /srv/shiny-server/.InputDatabase/SequencingMetrics.csv"
"2025-06-13","13:37:51","[CSV_READ_OK]","Successfully loaded 3801 rows from SequencingMetrics.csv"
"2025-06-13","14:30:47","[REFRESH_START]","Triggered manual refresh of SequencingMetrics.csv"
"2025-06-13","14:30:47","[CSV_READ_START]","Reading file: /srv/shiny-server/.InputDatabase/SequencingMetrics.csv"
"2025-06-13","14:30:47","[CSV_READ_OK]","Successfully loaded 3801 rows from SequencingMetrics.csv"
"2025-06-13","16:10:08","[REFRESH_START]","Triggered manual refresh of SequencingMetrics.csv"
"2025-06-13","16:10:08","[CSV_READ_START]","Reading file: /srv/shiny-server/.InputDatabase/SequencingMetrics.csv"
"2025-06-13","16:10:08","[CSV_READ_OK]","Successfully loaded 3801 rows from SequencingMetrics.csv"
"2025-06-13","18:00:44","[REFRESH_START]","Triggered manual refresh of SequencingMetrics.csv"
"2025-06-13","18:00:44","[CSV_READ_START]","Reading file: /srv/shiny-server/.InputDatabase/SequencingMetrics.csv"
"2025-06-13","18:00:44","[CSV_READ_OK]","Successfully loaded 3802 rows from SequencingMetrics.csv"
"2025-06-14","09:07:43","[REFRESH_START]","Triggered manual refresh of SequencingMetrics.csv"
"2025-06-14","09:07:43","[CSV_READ_START]","Reading file: /srv/shiny-server/.InputDatabase/SequencingMetrics.csv"
"2025-06-14","09:07:43","[CSV_READ_OK]","Successfully loaded 3802 rows from SequencingMetrics.csv"
"2025-06-14","09:25:07","[REFRESH_START]","Triggered manual refresh of SequencingMetrics.csv"
"2025-06-14","09:25:07","[CSV_READ_START]","Reading file: /srv/shiny-server/.InputDatabase/SequencingMetrics.csv"
"2025-06-14","09:25:07","[CSV_READ_OK]","Successfully loaded 3802 rows from SequencingMetrics.csv"
"2025-06-17","09:33:59","[REFRESH_START]","Triggered manual refresh of SequencingMetrics.csv"
"2025-06-17","09:33:59","[CSV_READ_START]","Reading file: /srv/shiny-server/.InputDatabase/SequencingMetrics.csv"
"2025-06-17","09:33:59","[CSV_READ_OK]","Successfully loaded 3812 rows from SequencingMetrics.csv"
"2025-06-18","11:42:31","[REFRESH_START]","Triggered manual refresh of SequencingMetrics.csv"
"2025-06-18","11:42:31","[CSV_READ_START]","Reading file: /srv/shiny-server/.InputDatabase/SequencingMetrics.csv"
"2025-06-18","11:42:31","[CSV_READ_OK]","Successfully loaded 3812 rows from SequencingMetrics.csv"
"2025-06-18","11:45:28","[REFRESH_START]","Triggered manual refresh of SequencingMetrics.csv"
"2025-06-18","11:45:28","[CSV_READ_START]","Reading file: /srv/shiny-server/.InputDatabase/SequencingMetrics.csv"
"2025-06-18","11:45:28","[CSV_READ_OK]","Successfully loaded 3812 rows from SequencingMetrics.csv"
"2025-06-18","11:47:38","[REFRESH_START]","Triggered manual refresh of SequencingMetrics.csv"
"2025-06-18","11:47:38","[CSV_READ_START]","Reading file: /srv/shiny-server/.InputDatabase/SequencingMetrics.csv"
"2025-06-18","11:47:38","[CSV_READ_OK]","Successfully loaded 3812 rows from SequencingMetrics.csv"
"2025-06-18","11:57:11","[REFRESH_START]","Triggered manual refresh of SequencingMetrics.csv"
"2025-06-18","11:57:11","[CSV_READ_START]","Reading file: /srv/shiny-server/.InputDatabase/SequencingMetrics.csv"
"2025-06-18","11:57:11","[CSV_READ_OK]","Successfully loaded 3812 rows from SequencingMetrics.csv"
"2025-06-18","12:04:56","[REFRESH_START]","Triggered manual refresh of SequencingMetrics.csv"
"2025-06-18","12:04:56","[CSV_READ_START]","Reading file: /srv/shiny-server/.InputDatabase/SequencingMetrics.csv"
"2025-06-18","12:04:56","[CSV_READ_OK]","Successfully loaded 3812 rows from SequencingMetrics.csv"
"2025-06-18","14:48:07","[REFRESH_START]","Triggered manual refresh of SequencingMetrics.csv"
"2025-06-18","14:48:07","[CSV_READ_START]","Reading file: /srv/shiny-server/.InputDatabase/SequencingMetrics.csv"
"2025-06-18","14:48:07","[CSV_READ_OK]","Successfully loaded 3813 rows from SequencingMetrics.csv"
"2025-06-18","16:37:09","[REFRESH_START]","Triggered manual refresh of SequencingMetrics.csv"
"2025-06-18","16:37:09","[CSV_READ_START]","Reading file: /srv/shiny-server/.InputDatabase/SequencingMetrics.csv"
"2025-06-18","16:37:09","[CSV_READ_OK]","Successfully loaded 3813 rows from SequencingMetrics.csv"
"2025-06-18","16:46:17","[REFRESH_START]","Triggered manual refresh of SequencingMetrics.csv"
"2025-06-18","16:46:17","[CSV_READ_START]","Reading file: /srv/shiny-server/.InputDatabase/SequencingMetrics.csv"
"2025-06-18","16:46:17","[CSV_READ_OK]","Successfully loaded 3813 rows from SequencingMetrics.csv"
"2025-06-19","07:40:37","[REFRESH_START]","Triggered manual refresh of SequencingMetrics.csv"
"2025-06-19","07:40:37","[CSV_READ_START]","Reading file: /srv/shiny-server/.InputDatabase/SequencingMetrics.csv"
"2025-06-19","07:40:37","[CSV_READ_OK]","Successfully loaded 3813 rows from SequencingMetrics.csv"
"2025-06-19","14:23:54","[REFRESH_START]","Triggered manual refresh of SequencingMetrics.csv"
"2025-06-19","14:23:54","[CSV_READ_START]","Reading file: /srv/shiny-server/.InputDatabase/SequencingMetrics.csv"
"2025-06-19","14:23:54","[CSV_READ_OK]","Successfully loaded 3813 rows from SequencingMetrics.csv"
"2025-06-19","16:29:40","[REFRESH_START]","Triggered manual refresh of SequencingMetrics.csv"
"2025-06-19","16:29:40","[CSV_READ_START]","Reading file: /srv/shiny-server/.InputDatabase/SequencingMetrics.csv"
"2025-06-19","16:29:40","[CSV_READ_OK]","Successfully loaded 3813 rows from SequencingMetrics.csv"
"2025-06-20","09:32:49","[REFRESH_START]","Triggered manual refresh of SequencingMetrics.csv"
"2025-06-20","09:32:49","[CSV_READ_START]","Reading file: /srv/shiny-server/.InputDatabase/SequencingMetrics.csv"
"2025-06-20","09:32:49","[CSV_READ_OK]","Successfully loaded 3813 rows from SequencingMetrics.csv"
"2025-06-20","09:55:20","[REFRESH_START]","Triggered manual refresh of SequencingMetrics.csv"
"2025-06-20","09:55:20","[CSV_READ_START]","Reading file: /srv/shiny-server/.InputDatabase/SequencingMetrics.csv"
"2025-06-20","09:55:20","[CSV_READ_OK]","Successfully loaded 3813 rows from SequencingMetrics.csv"
"2025-06-20","11:35:54","[REFRESH_START]","Triggered manual refresh of SequencingMetrics.csv"
"2025-06-20","11:35:54","[CSV_READ_START]","Reading file: /srv/shiny-server/.InputDatabase/SequencingMetrics.csv"
"2025-06-20","11:35:54","[CSV_READ_OK]","Successfully loaded 3813 rows from SequencingMetrics.csv"
"2025-06-20","14:18:13","[REFRESH_START]","Triggered manual refresh of SequencingMetrics.csv"
"2025-06-20","14:18:13","[CSV_READ_START]","Reading file: /srv/shiny-server/.InputDatabase/SequencingMetrics.csv"
"2025-06-20","14:18:13","[CSV_READ_OK]","Successfully loaded 3813 rows from SequencingMetrics.csv"
"2025-06-23","09:23:11","[REFRESH_START]","Triggered manual refresh of SequencingMetrics.csv"
"2025-06-23","09:23:11","[CSV_READ_START]","Reading file: /srv/shiny-server/.InputDatabase/SequencingMetrics.csv"
"2025-06-23","09:23:11","[CSV_READ_OK]","Successfully loaded 3813 rows from SequencingMetrics.csv"
"2025-06-23","09:24:31","[REFRESH_START]","Triggered manual refresh of SequencingMetrics.csv"
"2025-06-23","09:24:31","[CSV_READ_START]","Reading file: /srv/shiny-server/.InputDatabase/SequencingMetrics.csv"
"2025-06-23","09:24:31","[CSV_READ_OK]","Successfully loaded 3813 rows from SequencingMetrics.csv"
"2025-06-23","09:36:13","[REFRESH_START]","Triggered manual refresh of SequencingMetrics.csv"
"2025-06-23","09:36:13","[CSV_READ_START]","Reading file: /srv/shiny-server/.InputDatabase/SequencingMetrics.csv"
"2025-06-23","09:36:13","[CSV_READ_OK]","Successfully loaded 3813 rows from SequencingMetrics.csv"
"2025-06-23","14:16:48","[REFRESH_START]","Triggered manual refresh of SequencingMetrics.csv"
"2025-06-23","14:16:48","[CSV_READ_START]","Reading file: /srv/shiny-server/.InputDatabase/SequencingMetrics.csv"
"2025-06-23","14:16:48","[CSV_READ_OK]","Successfully loaded 3817 rows from SequencingMetrics.csv"
"2025-06-23","16:57:30","[REFRESH_START]","Triggered manual refresh of SequencingMetrics.csv"
"2025-06-23","16:57:30","[CSV_READ_START]","Reading file: /srv/shiny-server/.InputDatabase/SequencingMetrics.csv"
"2025-06-23","16:57:30","[CSV_READ_OK]","Successfully loaded 3818 rows from SequencingMetrics.csv"
"2025-06-23","17:16:06","[REFRESH_START]","Triggered manual refresh of SequencingMetrics.csv"
"2025-06-23","17:16:06","[CSV_READ_START]","Reading file: /srv/shiny-server/.InputDatabase/SequencingMetrics.csv"
"2025-06-23","17:16:06","[CSV_READ_OK]","Successfully loaded 3818 rows from SequencingMetrics.csv"
"2025-06-23","21:43:41","[REFRESH_START]","Triggered manual refresh of SequencingMetrics.csv"
"2025-06-23","21:43:41","[CSV_READ_START]","Reading file: /srv/shiny-server/.InputDatabase/SequencingMetrics.csv"
"2025-06-23","21:43:41","[CSV_READ_OK]","Successfully loaded 3818 rows from SequencingMetrics.csv"
"2025-06-23","22:55:01","[REFRESH_START]","Triggered manual refresh of SequencingMetrics.csv"
"2025-06-23","22:55:01","[CSV_READ_START]","Reading file: /srv/shiny-server/.InputDatabase/SequencingMetrics.csv"
"2025-06-23","22:55:01","[CSV_READ_OK]","Successfully loaded 3818 rows from SequencingMetrics.csv"
"2025-06-24","04:46:06","[REFRESH_START]","Triggered manual refresh of SequencingMetrics.csv"
"2025-06-24","04:46:06","[CSV_READ_START]","Reading file: /srv/shiny-server/.InputDatabase/SequencingMetrics.csv"
"2025-06-24","04:46:06","[CSV_READ_OK]","Successfully loaded 3818 rows from SequencingMetrics.csv"
"2025-06-24","06:55:04","[REFRESH_START]","Triggered manual refresh of SequencingMetrics.csv"
"2025-06-24","06:55:04","[CSV_READ_START]","Reading file: /srv/shiny-server/.InputDatabase/SequencingMetrics.csv"
"2025-06-24","06:55:04","[CSV_READ_OK]","Successfully loaded 3818 rows from SequencingMetrics.csv"
"2025-06-24","16:10:35","[REFRESH_START]","Triggered manual refresh of SequencingMetrics.csv"
"2025-06-24","16:10:35","[CSV_READ_START]","Reading file: /srv/shiny-server/.InputDatabase/SequencingMetrics.csv"
"2025-06-24","16:10:35","[CSV_READ_OK]","Successfully loaded 3820 rows from SequencingMetrics.csv"
"2025-06-24","16:57:16","[REFRESH_START]","Triggered manual refresh of SequencingMetrics.csv"
"2025-06-24","16:57:16","[CSV_READ_START]","Reading file: /srv/shiny-server/.InputDatabase/SequencingMetrics.csv"
"2025-06-24","16:57:16","[CSV_READ_OK]","Successfully loaded 3820 rows from SequencingMetrics.csv"
"2025-06-24","21:47:38","[REFRESH_START]","Triggered manual refresh of SequencingMetrics.csv"
"2025-06-24","21:47:38","[CSV_READ_START]","Reading file: /srv/shiny-server/.InputDatabase/SequencingMetrics.csv"
"2025-06-24","21:47:38","[CSV_READ_OK]","Successfully loaded 3820 rows from SequencingMetrics.csv"
"2025-06-25","07:23:38","[REFRESH_START]","Triggered manual refresh of SequencingMetrics.csv"
"2025-06-25","07:23:38","[CSV_READ_START]","Reading file: /srv/shiny-server/.InputDatabase/SequencingMetrics.csv"
"2025-06-25","07:23:38","[CSV_READ_OK]","Successfully loaded 3820 rows from SequencingMetrics.csv"
"2025-06-25","08:10:35","[REFRESH_START]","Triggered manual refresh of SequencingMetrics.csv"
"2025-06-25","08:10:35","[CSV_READ_START]","Reading file: /srv/shiny-server/.InputDatabase/SequencingMetrics.csv"
"2025-06-25","08:10:35","[CSV_READ_OK]","Successfully loaded 3820 rows from SequencingMetrics.csv"
"2025-06-25","09:43:39","[REFRESH_START]","Triggered manual refresh of SequencingMetrics.csv"
"2025-06-25","09:43:39","[CSV_READ_START]","Reading file: /srv/shiny-server/.InputDatabase/SequencingMetrics.csv"
"2025-06-25","09:43:39","[CSV_READ_OK]","Successfully loaded 3820 rows from SequencingMetrics.csv"
"2025-06-25","10:59:39","[REFRESH_START]","Triggered manual refresh of SequencingMetrics.csv"
"2025-06-25","10:59:39","[CSV_READ_START]","Reading file: /srv/shiny-server/.InputDatabase/SequencingMetrics.csv"
"2025-06-25","10:59:39","[CSV_READ_OK]","Successfully loaded 3820 rows from SequencingMetrics.csv"
"2025-06-25","11:08:51","[REFRESH_START]","Triggered manual refresh of SequencingMetrics.csv"
"2025-06-25","11:08:51","[CSV_READ_START]","Reading file: /srv/shiny-server/.InputDatabase/SequencingMetrics.csv"
"2025-06-25","11:08:51","[CSV_READ_OK]","Successfully loaded 3820 rows from SequencingMetrics.csv"
"2025-06-25","11:32:05","[REFRESH_START]","Triggered manual refresh of SequencingMetrics.csv"
"2025-06-25","11:32:05","[CSV_READ_START]","Reading file: /srv/shiny-server/.InputDatabase/SequencingMetrics.csv"
"2025-06-25","11:32:05","[CSV_READ_OK]","Successfully loaded 3820 rows from SequencingMetrics.csv"
"2025-06-25","11:51:40","[REFRESH_START]","Triggered manual refresh of SequencingMetrics.csv"
"2025-06-25","11:51:40","[CSV_READ_START]","Reading file: /srv/shiny-server/.InputDatabase/SequencingMetrics.csv"
"2025-06-25","11:51:40","[CSV_READ_OK]","Successfully loaded 3820 rows from SequencingMetrics.csv"
"2025-06-25","12:58:41","[REFRESH_START]","Triggered manual refresh of SequencingMetrics.csv"
"2025-06-25","12:58:41","[CSV_READ_START]","Reading file: /srv/shiny-server/.InputDatabase/SequencingMetrics.csv"
"2025-06-25","12:58:41","[CSV_READ_OK]","Successfully loaded 3820 rows from SequencingMetrics.csv"
"2025-06-25","13:01:35","[REFRESH_START]","Triggered manual refresh of SequencingMetrics.csv"
"2025-06-25","13:01:35","[CSV_READ_START]","Reading file: /srv/shiny-server/.InputDatabase/SequencingMetrics.csv"
"2025-06-25","13:01:35","[CSV_READ_OK]","Successfully loaded 3820 rows from SequencingMetrics.csv"
"2025-06-25","14:18:29","[REFRESH_START]","Triggered manual refresh of SequencingMetrics.csv"
"2025-06-25","14:18:29","[CSV_READ_START]","Reading file: /srv/shiny-server/.InputDatabase/SequencingMetrics.csv"
"2025-06-25","14:18:29","[CSV_READ_OK]","Successfully loaded 3820 rows from SequencingMetrics.csv"
"2025-06-25","14:35:08","[REFRESH_START]","Triggered manual refresh of SequencingMetrics.csv"
"2025-06-25","14:35:08","[CSV_READ_START]","Reading file: /srv/shiny-server/.InputDatabase/SequencingMetrics.csv"
"2025-06-25","14:35:08","[CSV_READ_OK]","Successfully loaded 3820 rows from SequencingMetrics.csv"
"2025-06-25","14:42:25","[REFRESH_START]","Triggered manual refresh of SequencingMetrics.csv"
"2025-06-25","14:42:25","[CSV_READ_START]","Reading file: /srv/shiny-server/.InputDatabase/SequencingMetrics.csv"
"2025-06-25","14:42:25","[CSV_READ_OK]","Successfully loaded 3820 rows from SequencingMetrics.csv"
"2025-06-26","09:50:53","[REFRESH_START]","Triggered manual refresh of SequencingMetrics.csv"
"2025-06-26","09:50:53","[CSV_READ_START]","Reading file: /srv/shiny-server/.InputDatabase/SequencingMetrics.csv"
"2025-06-26","09:50:53","[CSV_READ_OK]","Successfully loaded 3820 rows from SequencingMetrics.csv"
"2025-06-26","10:08:42","[REFRESH_START]","Triggered manual refresh of SequencingMetrics.csv"
"2025-06-26","10:08:42","[CSV_READ_START]","Reading file: /srv/shiny-server/.InputDatabase/SequencingMetrics.csv"
"2025-06-26","10:08:42","[CSV_READ_OK]","Successfully loaded 3821 rows from SequencingMetrics.csv"
"2025-06-26","13:50:46","[REFRESH_START]","Triggered manual refresh of SequencingMetrics.csv"
"2025-06-26","13:50:46","[CSV_READ_START]","Reading file: /srv/shiny-server/.InputDatabase/SequencingMetrics.csv"
"2025-06-26","13:50:46","[CSV_READ_OK]","Successfully loaded 3822 rows from SequencingMetrics.csv"
"2025-06-26","14:11:31","[REFRESH_START]","Triggered manual refresh of SequencingMetrics.csv"
"2025-06-26","14:11:31","[CSV_READ_START]","Reading file: /srv/shiny-server/.InputDatabase/SequencingMetrics.csv"
"2025-06-26","14:11:31","[CSV_READ_OK]","Successfully loaded 3822 rows from SequencingMetrics.csv"
"2025-06-26","15:46:25","[REFRESH_START]","Triggered manual refresh of SequencingMetrics.csv"
"2025-06-26","15:46:25","[CSV_READ_START]","Reading file: /srv/shiny-server/.InputDatabase/SequencingMetrics.csv"
"2025-06-26","15:46:25","[CSV_READ_OK]","Successfully loaded 3822 rows from SequencingMetrics.csv"
"2025-06-27","13:31:17","[REFRESH_START]","Triggered manual refresh of SequencingMetrics.csv"
"2025-06-27","13:31:17","[CSV_READ_START]","Reading file: /srv/shiny-server/.InputDatabase/SequencingMetrics.csv"
"2025-06-27","13:31:17","[CSV_READ_OK]","Successfully loaded 3822 rows from SequencingMetrics.csv"
"2025-06-29","22:09:02","[REFRESH_START]","Triggered manual refresh of SequencingMetrics.csv"
"2025-06-29","22:09:02","[CSV_READ_START]","Reading file: /srv/shiny-server/.InputDatabase/SequencingMetrics.csv"
"2025-06-29","22:09:02","[CSV_READ_OK]","Successfully loaded 3827 rows from SequencingMetrics.csv"
"2025-06-29","22:36:42","[REFRESH_START]","Triggered manual refresh of SequencingMetrics.csv"
"2025-06-29","22:36:42","[CSV_READ_START]","Reading file: /srv/shiny-server/.InputDatabase/SequencingMetrics.csv"
"2025-06-29","22:36:42","[CSV_READ_OK]","Successfully loaded 3829 rows from SequencingMetrics.csv"
"2025-06-30","08:19:04","[REFRESH_START]","Triggered manual refresh of SequencingMetrics.csv"
"2025-06-30","08:19:04","[CSV_READ_START]","Reading file: /srv/shiny-server/.InputDatabase/SequencingMetrics.csv"
"2025-06-30","08:19:04","[CSV_READ_OK]","Successfully loaded 3829 rows from SequencingMetrics.csv"
"2025-06-30","09:52:29","[REFRESH_START]","Triggered manual refresh of SequencingMetrics.csv"
"2025-06-30","09:52:29","[CSV_READ_START]","Reading file: /srv/shiny-server/.InputDatabase/SequencingMetrics.csv"
"2025-06-30","09:52:29","[CSV_READ_OK]","Successfully loaded 3829 rows from SequencingMetrics.csv"
"2025-06-30","12:48:41","[REFRESH_START]","Triggered manual refresh of SequencingMetrics.csv"
"2025-06-30","12:48:41","[CSV_READ_START]","Reading file: /srv/shiny-server/.InputDatabase/SequencingMetrics.csv"
"2025-06-30","12:48:41","[CSV_READ_OK]","Successfully loaded 3830 rows from SequencingMetrics.csv"
"2025-06-30","12:57:57","[REFRESH_START]","Triggered manual refresh of SequencingMetrics.csv"
"2025-06-30","12:57:57","[CSV_READ_START]","Reading file: /Users/lawalr/Library/CloudStorage/Box-Box/GT-Analyses/Rshiny/SequencingMetrics.csv"
"2025-06-30","12:57:57","[CSV_READ_OK]","Successfully loaded 3744 rows from SequencingMetrics.csv"
"2025-06-30","12:59:25","[REFRESH_START]","Triggered manual refresh of SequencingMetrics.csv"
"2025-06-30","12:59:25","[CSV_READ_START]","Reading file: /Users/lawalr/Library/CloudStorage/Box-Box/GT-Analyses/Rshiny/SequencingMetrics.csv"
"2025-06-30","12:59:25","[CSV_READ_OK]","Successfully loaded 3744 rows from SequencingMetrics.csv"
"2025-06-30","13:01:32","[REFRESH_START]","Triggered manual refresh from DuckDB sequencing_metrics table"
"2025-06-30","13:01:32","[DB_QUERY_OK]","Loaded 3593 rows from sequencing_metrics"
"2025-06-30","13:03:13","[REFRESH_START]","Triggered manual refresh from DuckDB sequencing_metrics table"
"2025-06-30","13:03:13","[DB_QUERY_OK]","Loaded 3593 rows from sequencing_metrics"
"2025-06-30","13:03:32","[REFRESH_START]","Triggered manual refresh from DuckDB sequencing_metrics table"
"2025-06-30","13:03:32","[DB_QUERY_OK]","Loaded 3593 rows from sequencing_metrics"
"2025-06-30","13:09:25","[REFRESH_START]","Triggered manual refresh from DuckDB sequencing_metrics table"
"2025-06-30","13:09:25","[DB_QUERY_OK]","Loaded 3593 rows from sequencing_metrics"
